referencia;numero;cnpj_cpf_cliente;descricao;servicos.referencia;servicos.quantidade;servicos.complemento;data_vigencia_inicial;data_vigencia_final;observacao_nao_fiscal;servicos.valor_unitario;dia_vencimento;data_primeiro_vencimento;data_proximo_reajuste;codigo_vendedor;situacao;recorrencia;tipo_faturamento;indice_reajuste;codigo_banco_conta;codigo_forma_pagamento;codigo_plano_contas;codigo_condicao_pagamento;observacao_fiscal
1103;1103;44.226.020/0001-50;ASP Varejo - Hiper (ASP Softwares Brusque) - Mensal;6;1;;09/07/2024;05/08/2024;Fidelidade 08/07/2025;290,00;15;15/02/2025;;1;2;1;1;0;14;5;89;;
1424;1424;44.193.857/0001-40;ASP Varejo - Hiper (ASP Softwares Brusque) - Mensal;6;1;;01/06/2024;08/08/2024;Fidelidade 13/06/2025;236,83;28;28/02/2025;;1;2;1;1;0;14;5;89;;
1295;1295;00.549.555/0001-97;ASP Varejo - Hiper (ASP Softwares Brusque) - Mensal;6;1;;01/08/2023;;Fidelidade 31/07/2024;427,69;10;10/02/2025;14/08/2025;1;1;1;1;0;14;5;89;;
1624;1624;46.227.280/0001-76;ASP Varejo - Hiper (ASP Softwares Brusque) - Mensal;6;1;;30/07/2024;14/08/2024;Fidelidade 29/07/2025;277,45;15;15/02/2025;;1;2;1;1;0;14;5;89;;
1313;1313;95.785.275/0001-94;ASP Hiper Mini 2024 (ASP Softwares Brusque) - Mensal;2;1;;01/08/2023;;Fidelidade 31/07/2024;161,16;7;7/02/2025;14/08/2025;1;1;1;1;0;14;5;89;;
1325;1325;05.674.607/0001-70;ASP Hiper Mini 2024 (ASP Softwares Brusque) - Mensal;2;1;;01/08/2023;;Fidelidade 31/07/2024;143,97;5;5/02/2025;14/08/2025;1;1;1;1;0;14;5;89;;
1367;1367;28.606.277/0001-81;ASP Varejo - Hiper (ASP Softwares Brusque) - Mensal;6;1;;01/08/2023;;Fidelidade 27/08/2024;227,01;10;10/02/2025;14/08/2025;1;1;1;1;0;14;5;89;;
1392;1392;11.788.002/0001-03;ASP Varejo - Hiper (ASP Softwares Brusque) - Mensal;6;1;;01/08/2023;;Fidelidade 31/07/2024;212,83;25;25/02/2025;14/08/2025;1;1;1;1;0;14;5;89;;
1389;1389;31.290.051/0001-29;ASP Hiper Mini 2024 (ASP Softwares Brusque) - Mensal;2;1;;01/05/2024;26/08/2024;Fidelidade 30/04/2025;194,70;10;10/02/2025;;1;2;1;1;0;14;5;89;;
1432;1432;42.842.793/0001-36;ASP Varejo - Hiper (ASP Softwares Brusque) - Mensal;6;1;;01/08/2023;;Fidelidade 27/08/2024;268,17;15;15/02/2025;14/08/2025;1;1;1;1;0;14;5;89;;
1294;1294;81.555.518/0001-93;ASP Varejo - Hiper (ASP Softwares Brusque) - Mensal;6;1;;01/09/2023;;Fidelidade 31/08/2024;226,06;10;10/02/2025;14/08/2025;1;1;1;1;0;14;5;89;;
1300;1300;13.480.908/0001-91;ASP Hiper Mini 2024 (ASP Softwares Brusque) - Mensal;2;1;;01/09/2023;;Fidelidade 31/08/2024;131,46;15;15/02/2025;14/08/2025;1;1;1;1;0;14;5;89;;
1326;1326;15.695.616/0001-00;ASP Varejo - Hiper (ASP Softwares Brusque) - Mensal;6;1;;01/09/2023;;Fidelidade 31/08/2024;234,78;5;5/02/2025;14/08/2025;1;1;1;1;0;14;5;89;;
1345;1345;07.401.928/0001-27;ASP Varejo - Hiper (ASP Softwares Brusque) - Mensal;6;1;;01/09/2023;;Fidelidade 31/08/2024;241,30;8;8/02/2025;14/08/2025;1;1;1;1;0;14;5;89;;
1347;1347;08.513.155/0001-33;ASP Varejo - Hiper (ASP Softwares Brusque) - Mensal;6;1;;01/09/2023;;Fidelidade 31/08/2024;250,78;1;1/02/2025;14/08/2025;1;1;1;1;0;14;5;89;;
1350;1350;07.272.690/0004-20;ASP Varejo - Hiper (ASP Softwares Brusque) - Mensal;6;1;;01/09/2023;;Fidelidade 31/08/2024;396,11;15;15/02/2025;14/08/2025;1;1;1;1;0;14;5;89;;
1359;1359;13.996.051/0005-90;ASP Varejo - Hiper (ASP Softwares Brusque) - Mensal;6;1;;01/09/2023;;Fidelidade 31/08/2024;231,49;10;10/02/2025;14/08/2025;1;1;1;1;0;14;5;89;;
1375;1375;12.318.407/0001-40;ASP Varejo - Hiper (ASP Softwares Brusque) - Mensal;6;1;;01/09/2023;;Fidelidade 31/08/2024;238,11;5;5/02/2025;14/08/2025;1;1;1;1;0;14;5;89;;
1376;1376;17.369.233/0002-40;ASP Hiper Mini 2024 (ASP Softwares Brusque) - Mensal;2;1;;01/09/2023;;Fidelidade 31/08/2024;163,54;25;25/02/2025;14/08/2025;1;1;1;1;0;14;5;89;;
1402;1402;37.630.393/0002-08;ASP Varejo - Hiper (ASP Softwares Brusque) - Mensal;6;1;;01/07/2023;26/08/2024;Fidelidade 30/06/2024;170,39;28;28/02/2025;14/08/2024;1;2;1;1;0;14;5;89;;
1386;1386;17.581.542/0001-06;ASP Varejo - Hiper (ASP Softwares Brusque) - Mensal;6;1;;01/09/2023;;Fidelidade 31/08/2024;239,37;15;15/02/2025;14/08/2025;1;1;1;1;0;14;5;89;;
1391;1391;15.842.249/0001-11;ASP Varejo - Hiper (ASP Softwares Brusque) - Mensal;6;1;;01/09/2023;;Fidelidade 31/08/2024;179,48;15;15/02/2025;14/08/2025;1;1;1;1;0;14;5;89;;
1394;1394;38.151.419/0001-17;ASP Varejo - Hiper (ASP Softwares Brusque) - Mensal;6;1;;01/09/2023;;Fidelidade 31/08/2024;223,37;20;20/02/2025;14/08/2025;1;1;1;1;0;14;5;89;;
1404;1404;09.578.271/0001-01;ASP Varejo - Hiper (ASP Softwares Brusque) - Mensal;6;1;;01/09/2023;;Fidelidade 31/08/2024;209,93;5;5/02/2025;14/08/2025;1;1;1;1;0;14;5;89;;
1407;1407;07.292.542/0001-24;ASP Varejo - Hiper (ASP Softwares Brusque) - Mensal;6;1;;01/09/2023;;Fidelidade 31/08/2024;209,93;16;16/02/2025;14/08/2025;1;1;1;1;0;14;5;89;;
1418;1418;07.272.690/0010-78;ASP Varejo - Hiper (ASP Softwares Brusque) - Mensal;6;1;;01/09/2023;;Fidelidade 31/08/2024;429,51;15;15/02/2025;14/08/2025;1;1;1;1;0;14;5;89;;
1458;1458;07.272.690/0011-59;ASP Varejo - Hiper (ASP Softwares Brusque) - Mensal;6;1;;01/09/2023;;Fidelidade 31/08/2024;294,03;15;15/02/2025;14/08/2025;1;1;1;1;0;14;5;89;;
1291;1291;24.388.242/0001-62;ASP Varejo - Hiper (ASP Softwares Brusque) - Mensal;6;1;;01/10/2023;;Fidelidade 30/09/2024;513,62;5;5/02/2025;24/10/2025;1;1;1;1;0;14;5;89;;
1296;1296;09.385.418/0001-39;ASP Varejo - Hiper (ASP Softwares Brusque) - Mensal;6;1;;01/10/2023;;Fidelidade 30/09/2024;136,74;27;27/02/2025;24/10/2025;1;1;1;1;0;14;5;89;;
1307;1307;09.470.454/0001-09;ASP Varejo - Hiper (ASP Softwares Brusque) - Mensal;6;1;;01/10/2023;;Fidelidade 02/10/2024;221,49;14;14/02/2025;24/10/2025;1;1;1;1;0;14;5;89;;
1323;1323;20.604.394/0001-02;ASP Varejo - Hiper (ASP Softwares Brusque) - Mensal;6;1;;01/10/2023;;Fidelidade 10/10/2024;221,49;12;12/02/2025;24/10/2025;1;1;1;1;0;14;5;89;;
1324;1324;82.844.366/0001-01;ASP Varejo - Hiper (ASP Softwares Brusque) - Mensal;6;1;;01/10/2023;;Fidelidade 30/09/2024;243,66;10;10/02/2025;24/10/2025;1;1;1;1;0;14;5;89;;
1331;1331;80.471.709/0001-04;ASP Varejo - Hiper (ASP Softwares Brusque) - Mensal;6;1;;01/10/2023;;Fidelidade 09/10/2024;301,56;25;25/02/2025;24/10/2025;1;1;1;1;0;14;5;89;;
1333;1333;23.114.958/0001-09;ASP Varejo - Hiper (ASP Softwares Brusque) - Mensal;6;1;;01/10/2023;;Fidelidade 30/09/2024;277,54;20;20/02/2025;24/10/2025;1;1;1;1;0;14;5;89;;
1351;1351;86.790.540/0001-31;ASP Varejo - Hiper (ASP Softwares Brusque) - Mensal;6;1;;01/10/2023;;Fidelidade 03/10/2024;248,79;10;10/02/2025;24/10/2025;1;1;1;1;0;14;5;89;;
1355;1355;27.417.305/0001-50;ASP Hiper Mini 2024 (ASP Softwares Brusque) - Mensal;2;1;;01/10/2023;;Fidelidade 30/09/2024;140,88;20;20/02/2025;24/10/2025;1;1;1;1;0;14;5;89;;
1396;1396;11.712.996/0001-84;ASP Varejo - Hiper (ASP Softwares Brusque) - Mensal;6;1;;01/10/2023;;Fidelidade 30/09/2024;130,52;28;28/02/2025;24/10/2025;1;1;1;1;0;14;5;89;;
1408;1408;11.538.133/0001-32;ASP Varejo - Hiper (ASP Softwares Brusque) - Mensal;6;1;;01/10/2023;;Fidelidade 26/10/2024;326,23;11;11/02/2025;24/10/2025;1;1;1;1;0;14;5;89;;
1422;1422;48.044.909/0001-78;ASP Varejo - Hiper (ASP Softwares Brusque) - Mensal;6;1;;01/10/2023;;Fidelidade 19/10/2024;321,69;27;27/02/2025;24/10/2025;1;1;1;1;0;14;5;89;;
1435;1435;28.295.626/0001-91;ASP Varejo - Hiper (ASP Softwares Brusque) - Mensal;6;1;;01/10/2023;;Fidelidade 01/10/2024;353,26;10;10/02/2025;24/10/2025;1;1;1;1;0;14;5;89;;
1437;1437;80.743.701/0001-50;ASP Varejo - Hiper (ASP Softwares Brusque) - Mensal;6;1;;01/10/2023;;Fidelidade 08/10/2024;322,99;15;15/02/2025;24/10/2025;1;1;1;1;0;14;5;89;;
1318;1318;00.734.725/0001-03;ASP Varejo - Hiper (ASP Softwares Brusque) - Mensal;6;1;;01/11/2023;;Fidelidade 31/10/2024;207,85;10;10/02/2025;08/11/2025;1;1;1;1;0;14;5;89;;
1321;1321;07.051.521/0001-17;ASP Varejo - Hiper (ASP Softwares Brusque) - Mensal;6;1;;01/11/2023;;Fidelidade 31/10/2024;259,22;10;10/02/2025;08/11/2025;1;1;1;1;0;14;5;89;;
1332;1332;72.316.946/0002-53;ASP Varejo - Hiper (ASP Softwares Brusque) - Mensal;6;1;;01/11/2023;;Fidelidade 31/10/2024;561,35;20;20/02/2025;08/11/2025;1;1;1;1;0;14;5;89;;
1336;1336;23.671.885/0001-56;ASP Varejo - Hiper (ASP Softwares Brusque) - Mensal;6;1;;01/11/2023;;Fidelidade 31/10/2024;189,34;15;15/02/2025;08/11/2025;1;1;1;1;0;14;5;89;;
1362;1362;13.106.478/0001-42;ASP Varejo - Hiper (ASP Softwares Brusque) - Mensal;6;1;;01/11/2023;;Fidelidade 31/10/2024;245,37;16;16/02/2025;08/11/2025;1;1;1;1;0;14;5;89;;
1395;1395;38.530.120/0001-73;ASP Varejo - Hiper (ASP Softwares Brusque) - Mensal;6;1;;01/11/2023;;Fidelidade 31/10/2024;262,79;4;4/02/2025;08/11/2025;1;1;1;1;0;14;5;89;;
1398;1398;35.343.161/0001-62;ASP Varejo - Hiper (ASP Softwares Brusque) - Mensal;6;1;;01/11/2023;;Fidelidade 31/10/2024;208,53;16;16/02/2025;08/11/2025;1;1;1;1;0;14;5;89;;
1405;1405;41.654.496/0001-02;ASP Varejo - Hiper (ASP Softwares Brusque) - Mensal;6;1;;01/11/2023;;Fidelidade 31/10/2024;246,10;5;5/02/2025;08/11/2025;1;1;1;1;0;14;5;89;;
1690;1690;91.848.192/0001-46;ASP Varejo - Hiper (ASP Softwares Brusque) - Mensal;6;1;;20/08/2024;26/08/2024;Fidelidade 19/08/2025;345,43;20;20/02/2025;;1;2;1;1;0;14;5;89;;
1409;1409;40.282.146/0001-91;ASP Varejo - Hiper (ASP Softwares Brusque) - Mensal;6;1;;01/11/2023;;Fidelidade 31/10/2024;220,57;15;15/02/2025;08/11/2025;1;1;1;1;0;14;5;89;;
1421;1421;47.258.877/0001-40;ASP Varejo - Hiper (ASP Softwares Brusque) - Mensal;6;1;;01/11/2023;;Fidelidade 31/10/2024;397,17;20;20/02/2025;08/11/2025;1;1;1;1;0;14;5;89;;
1423;1423;35.319.488/0001-07;ASP Varejo - Hiper (ASP Softwares Brusque) - Mensal;6;1;;01/11/2023;;Fidelidade 21/11/2024;225,60;28;28/02/2025;08/11/2025;1;1;1;1;0;14;5;89;;
1436;1436;51.463.815/0001-48;ASP Hiper Mini 2024 (ASP Softwares Brusque) - Mensal;2;1;;01/11/2023;;Fidelidade 31/10/2024;181,69;15;15/02/2025;08/11/2025;1;1;1;1;0;14;5;89;;
1299;1299;12.297.983/0001-59;ASP Hiper Mini 2024 (ASP Softwares Brusque) - Mensal;2;1;;01/12/2023;;Fidelidade 30/11/2024;231,61;9;9/02/2025;16/12/2025;1;1;1;1;0;14;5;89;;
1346;1346;45.828.425/0001-21;ASP Hiper Mini 2024 (ASP Softwares Brusque) - Mensal;2;1;;30/05/2024;02/09/2024;Fidelidade 29/05/2025;199,00;6;6/02/2025;;1;2;1;1;0;14;5;89;;
1301;1301;04.606.790/0001-04;ASP Varejo - Hiper (ASP Softwares Brusque) - Mensal;6;1;;01/12/2023;;Fidelidade 30/11/2024;546,85;15;15/02/2025;16/12/2025;1;1;1;1;0;14;5;89;;
1314;1314;39.967.794/0001-00;ASP Varejo - Hiper (ASP Softwares Brusque) - Mensal;6;1;;01/12/2023;;Fidelidade 30/11/2024;281,80;5;5/02/2025;16/12/2025;1;1;1;1;0;14;5;89;;
1315;1315;30.678.268/0001-48;ASP Varejo - Hiper (ASP Softwares Brusque) - Mensal;6;1;;01/12/2023;;Fidelidade 30/11/2024;383,93;18;18/02/2025;16/12/2025;1;1;1;1;0;14;5;89;;
1328;1328;80.072.010/0001-71;ASP Varejo - Hiper (ASP Softwares Brusque) - Mensal;6;1;;01/12/2023;;Fidelidade 30/11/2024;359,80;20;20/02/2025;16/12/2025;1;1;1;1;0;14;5;89;;
1349;1349;05.426.993/0001-81;ASP Hiper Mini 2024 (ASP Softwares Brusque) - Mensal;2;1;;01/12/2023;;Fidelidade 30/11/2024;206,35;8;8/02/2025;16/12/2025;1;1;1;1;0;14;5;89;;
1427;1427;48.511.858/0001-47;ASP Hiper Mini 2024 (ASP Softwares Brusque) - Mensal;2;1;;01/10/2023;03/09/2024;Fidelidade 30/09/2024;149,00;20;20/02/2025;;1;2;1;1;0;14;5;89;;
1428;1428;39.717.804/0001-41;ASP Hiper Mini 2024 (ASP Softwares Brusque) - Mensal;2;1;;01/12/2023;;Fidelidade 30/11/2024;188,26;10;10/02/2025;16/12/2025;1;1;1;1;0;14;5;89;;
1316;1316;02.366.247/0001-51;ASP Varejo - Hiper (ASP Softwares Brusque) - Mensal;6;1;;01/01/2024;;Fidelidade 31/12/2024;203,45;20;20/02/2025;31/01/2026;1;1;1;1;0;14;5;89;;
1335;1335;00.553.041/0001-05;ASP Varejo - Hiper (ASP Softwares Brusque) - Mensal;6;1;;01/01/2024;;Fidelidade 31/12/2024;328,55;9;9/02/2025;31/01/2026;1;1;1;1;0;14;5;89;;
1337;1337;09.490.425/0001-09;ASP Varejo - Hiper (ASP Softwares Brusque) - Mensal;6;1;;01/01/2024;;Fidelidade 31/12/2024;213,73;2;2/02/2025;31/01/2026;1;1;1;1;0;14;5;89;;
1397;1397;22.373.030/0002-67;ASP Varejo - Hiper (ASP Softwares Brusque) - Mensal;6;1;;01/01/2024;;Fidelidade 31/12/2024;162,94;15;15/02/2025;31/01/2026;1;1;1;1;0;14;5;89;;
1410;1410;41.695.576/0001-06;ASP Varejo - Hiper (ASP Softwares Brusque) - Mensal;6;1;;01/01/2024;;Fidelidade 31/12/2024;220,86;25;25/02/2025;31/01/2026;1;1;1;1;0;14;5;89;;
1411;1411;44.897.423/0001-21;ASP Varejo - Hiper (ASP Softwares Brusque) - Mensal;6;1;;01/01/2024;;Fidelidade 31/12/2024;276,72;1;1/02/2025;31/01/2026;1;1;1;1;0;14;5;89;;
1412;1412;16.823.879/0001-01;ASP Varejo - Hiper (ASP Softwares Brusque) - Mensal;6;1;;01/01/2024;;Fidelidade 31/12/2024;220,86;26;26/02/2025;31/01/2026;1;1;1;1;0;14;5;89;;
1425;1425;38.171.058/0001-70;ASP Varejo - Hiper (ASP Softwares Brusque) - Mensal;6;1;;01/01/2024;;Fidelidade 15/01/2025;221,54;20;20/02/2025;31/01/2026;1;1;1;1;0;14;5;89;;
1439;1439;35.640.133/0001-07;ASP Varejo - Hiper (ASP Softwares Brusque) - Mensal;6;1;;01/01/2024;;Fidelidade 31/12/2024;278,94;15;15/02/2025;31/01/2026;1;1;1;1;0;14;5;89;;
1334;1334;15.468.412/0001-28;ASP Varejo - Hiper (ASP Softwares Brusque) - Mensal;6;1;;01/12/2023;09/09/2024;Fidelidade 30/11/2024;242,66;10;10/02/2025;;1;2;1;1;0;14;5;89;;
1440;1440;51.478.408/0001-04;ASP Varejo - Hiper (ASP Softwares Brusque) - Mensal;6;1;;01/01/2024;;Fidelidade 16/01/2025;224,07;20;20/02/2025;31/01/2026;1;1;1;1;0;14;5;89;;
1441;1441;53.720.472/0001-85;ASP Varejo - Hiper (ASP Softwares Brusque) - Mensal;6;1;;01/01/2024;;Fidelidade 23/01/2025;204,63;24;24/02/2025;31/01/2026;1;1;1;1;0;14;5;89;;
1442;1442;49.857.408/0001-73;ASP Varejo - Hiper (ASP Softwares Brusque) - Mensal;6;1;;01/01/2024;;Fidelidade 25/01/2025;247,71;28;28/02/2025;31/01/2026;1;1;1;1;0;14;5;89;;
1459;1459;40.117.627/0001-41;ASP Varejo - Hiper (ASP Softwares Brusque) - Mensal;6;1;;01/01/2024;;Fidelidade 26/01/2025;151,94;25;25/02/2025;31/01/2026;1;1;1;1;0;14;5;89;;
1289;1289;07.794.735/0001-83;ASP Varejo - Hiper (ASP Softwares Brusque) - Mensal;6;1;;01/02/2024;;Fidelidade 31/01/2025;308,84;25;25/02/2025;10/02/2026;1;1;1;1;0;14;5;89;;
1303;1303;79.923.264/0001-77;ASP Varejo - Hiper (ASP Softwares Brusque) - Mensal;6;1;;01/02/2024;;Fidelidade 31/01/2025;210,00;14;14/02/2025;01/02/2025;1;1;1;1;0;14;5;89;;
1338;1338;16.801.779/0001-84;ASP Hiper Mini 2024 (ASP Softwares Brusque) - Mensal;2;1;;01/02/2024;;Fidelidade 31/01/2025;135,24;18;18/02/2025;01/02/2025;1;1;1;1;0;14;5;89;;
1365;1365;02.294.987/0001-20;ASP Hiper Mini 2024 (ASP Softwares Brusque) - Mensal;2;1;;01/02/2024;;Fidelidade 31/01/2025;111,54;28;28/02/2025;01/02/2025;1;1;1;1;0;14;5;89;;
1378;1378;08.689.469/0002-72;ASP Varejo - Hiper (ASP Softwares Brusque) - Mensal;6;1;;01/02/2024;;Fidelidade 31/01/2025;304,02;15;15/02/2025;01/02/2025;1;1;1;1;0;14;5;89;;
1393;1393;13.585.169/0001-00;ASP Hiper Mini 2024 (ASP Softwares Brusque) - Mensal;2;1;;01/02/2024;;Fidelidade 31/01/2025;199,90;15;15/02/2025;01/02/2025;1;1;1;1;0;14;5;89;;
1460;1460;17.369.233/0003-20;ASP Varejo - Hiper (ASP Softwares Brusque) - Mensal;6;1;;01/02/2024;;Fidelidade 31/01/2025;180,58;14;14/02/2025;01/02/2025;1;1;1;1;0;14;5;89;;
1292;1292;10.585.462/0001-71;ASP Varejo - Hiper (ASP Softwares Brusque) - Mensal;6;1;;01/03/2024;;Fidelidade 28/02/2025;329,00;20;20/02/2025;01/03/2025;1;1;1;1;0;14;5;89;;
1306;1306;95.857.165/0003-52;ASP Varejo - Hiper (ASP Softwares Brusque) - Mensal;6;1;;01/03/2024;;Fidelidade 10/03/2025;230,00;14;14/02/2025;01/03/2025;1;1;1;1;0;14;5;89;;
1308;1308;10.488.929/0001-65;ASP Hiper Mini 2024 (ASP Softwares Brusque) - Mensal;2;1;;01/03/2024;;Fidelidade 28/02/2025;156,82;14;14/02/2025;01/03/2025;1;1;1;1;0;14;5;89;;
1312;1312;01.567.152/0001-33;ASP Hiper Mini 2024 (ASP Softwares Brusque) - Mensal;2;1;;01/03/2024;;Fidelidade 28/02/2025;158,95;14;14/02/2025;01/03/2025;1;1;1;1;0;14;5;89;;
1322;1322;00.844.955/0001-25;ASP Varejo - Hiper (ASP Softwares Brusque) - Mensal;6;1;;01/03/2024;;Fidelidade 28/02/2025;267,54;14;14/02/2025;01/03/2025;1;1;1;1;0;14;5;89;;
1327;1327;07.272.690/0001-87;ASP Varejo - Hiper (ASP Softwares Brusque) - Mensal;6;1;;01/03/2024;;Fidelidade 28/02/2025;392,50;15;15/02/2025;01/03/2025;1;1;1;1;0;14;5;89;;
1329;1329;11.160.468/0001-60;ASP Hiper Mini 2024 (ASP Softwares Brusque) - Mensal;2;1;;01/03/2024;;Fidelidade 28/02/2025;178,40;14;14/02/2025;01/03/2025;1;1;1;1;0;14;5;89;;
1358;1358;13.996.051/0005-90;ASP Varejo - Hiper (ASP Softwares Brusque) - Mensal;6;1;;01/03/2024;;Fidelidade 10/03/2025;259,80;10;10/02/2025;01/03/2025;1;1;1;1;0;14;5;89;;
1377;1377;12.714.188/0001-19;ASP Varejo - Hiper (ASP Softwares Brusque) - Mensal;6;1;;01/03/2024;;Fidelidade 28/02/2025;415,09;10;10/02/2025;01/03/2025;1;1;1;1;0;14;5;89;;
1388;1388;16.887.148/0001-20;ASP Varejo - Hiper (ASP Softwares Brusque) - Mensal;6;1;;01/03/2024;;Fidelidade 28/02/2025;266,37;10;10/02/2025;01/03/2025;1;1;1;1;0;14;5;89;;
1426;1426;44.026.218/0001-90;ASP Varejo - Hiper (ASP Softwares Brusque) - Mensal;6;1;;01/03/2024;;Fidelidade 28/02/2025;234,15;10;10/02/2025;01/03/2025;1;1;1;1;0;14;5;89;;
1438;1438;52.413.808/0001-02;ASP Varejo - Hiper (ASP Softwares Brusque) - Mensal;6;1;;01/03/2024;;Fidelidade 28/02/2025;250,00;10;10/02/2025;01/03/2025;1;1;1;1;0;14;5;89;;
1443;1443;37.375.109/0001-13;ASP Hiper Mini 2024 (ASP Softwares Brusque) - Mensal;2;1;;01/03/2024;;Fidelidade 28/02/2025;189,90;10;10/02/2025;01/03/2025;1;1;1;1;0;14;5;89;;
1452;1452;07.272.690/0002-68;ASP Varejo - Hiper (ASP Softwares Brusque) - Mensal;6;1;;01/03/2024;;Fidelidade 28/02/2025;429,50;15;15/02/2025;01/03/2025;1;1;1;1;0;14;5;89;;
1455;1455;07.272.690/0007-72;ASP Varejo - Hiper (ASP Softwares Brusque) - Mensal;6;1;;01/03/2024;;Fidelidade 28/02/2025;396,10;15;15/02/2025;01/03/2025;1;1;1;1;0;14;5;89;;
1290;1290;03.939.668/0001-97;ASP Varejo - Hiper (ASP Softwares Brusque) - Mensal;6;1;;01/04/2024;;Fidelidade 31/03/2025;295,46;23;23/02/2025;01/04/2025;1;1;1;1;0;14;5;89;;
1310;1310;82.725.532/0001-50;ASP Hiper Mini 2024 (ASP Softwares Brusque) - Mensal;2;1;;01/04/2024;;Fidelidade 31/03/2025;138,50;15;15/02/2025;01/04/2025;1;1;1;1;0;14;5;89;;
1311;1311;08.925.255/0001-77;ASP Varejo - Hiper (ASP Softwares Brusque) - Mensal;6;1;;01/04/2024;;Fidelidade 01/04/2025;303,19;19;19/02/2025;01/04/2025;1;1;1;1;0;14;5;89;;
1756;1756;53.284.842/0001-89;ASP Varejo - Hiper 2024 (ASP Softwares Brusque) - Mensal;7;1;;13/09/2024;23/09/2024;Fidelidade 12/09/2025;300,00;25;25/02/2025;;1;2;1;1;0;14;5;89;;
1330;1330;04.494.697/0001-55;ASP Hiper Mini 2024 (ASP Softwares Brusque) - Mensal;2;1;;01/04/2024;;Fidelidade 31/03/2025;146,32;24;24/02/2025;01/04/2025;1;1;1;1;0;14;5;89;;
1521;1521;42.901.998/0001-45;ASP Varejo - Hiper (ASP Softwares Brusque) - Mensal;6;1;;01/06/2024;25/09/2024;Fidelidade 31/05/2025;229,80;15;15/02/2025;;1;2;1;1;0;14;5;89;;
1339;1339;81.797.276/0001-44;ASP Hiper Mini 2024 (ASP Softwares Brusque) - Mensal;2;1;;01/04/2024;;Fidelidade 31/03/2025;136,56;18;18/02/2025;01/04/2025;1;1;1;1;0;14;5;89;;
1361;1361;13.996.051/0003-29;ASP Varejo - Hiper (ASP Softwares Brusque) - Mensal;6;1;;01/04/2024;;Fidelidade 13/04/2025;204,54;18;18/02/2025;01/04/2025;1;1;1;1;0;14;5;89;;
1363;1363;28.844.370/0001-24;ASP Varejo - Hiper (ASP Softwares Brusque) - Mensal;6;1;;01/04/2024;;Fidelidade 31/03/2025;239,77;6;6/02/2025;01/04/2025;1;1;1;1;0;14;5;89;;
1366;1366;22.617.699/0001-76;ASP Varejo - Hiper (ASP Softwares Brusque) - Mensal;6;1;;01/04/2024;;Fidelidade 31/03/2025;205,41;20;20/02/2025;01/04/2025;1;1;1;1;0;14;5;89;;
1371;1371;30.277.558/0001-80;ASP Varejo - Hiper (ASP Softwares Brusque) - Mensal;6;1;;01/04/2024;;Fidelidade 31/03/2025;205,88;28;28/02/2025;01/04/2025;1;1;1;1;0;14;5;89;;
1380;1380;43.299.094/0001-54;ASP Varejo - Hiper (ASP Softwares Brusque) - Mensal;6;1;;01/04/2024;;Fidelidade 31/03/2025;156,33;15;15/02/2025;01/04/2025;1;1;1;1;0;14;5;89;;
1381;1381;31.758.259/0001-20;ASP Hiper Mini 2024 (ASP Softwares Brusque) - Mensal;2;1;;01/04/2024;;Fidelidade 31/03/2025;135,96;25;25/02/2025;01/04/2025;1;1;1;1;0;14;5;89;;
1413;1413;37.222.476/0001-87;ASP Varejo - Hiper (ASP Softwares Brusque) - Mensal;6;1;;01/04/2024;;Fidelidade 31/03/2025;135,90;7;7/02/2025;01/04/2025;1;1;1;1;0;14;5;89;;
1414;1414;34.871.974/0001-62;ASP Varejo - Hiper (ASP Softwares Brusque) - Mensal;6;1;;01/04/2024;;Fidelidade 11/04/2025;212,94;14;14/02/2025;01/04/2025;1;1;1;1;0;14;5;89;;
1415;1415;44.576.796/0001-09;ASP Varejo - Hiper (ASP Softwares Brusque) - Mensal;6;1;;01/04/2024;;Fidelidade 27/04/2025;216,30;20;20/02/2025;01/04/2025;1;1;1;1;0;14;5;89;;
1444;1444;41.067.549/0001-80;ASP Varejo - Hiper (ASP Softwares Brusque) - Mensal;6;1;;01/04/2024;;Fidelidade 26/04/2025;311,90;10;10/02/2025;01/04/2025;1;1;1;1;0;14;5;89;;
1451;1451;07.272.690/0005-00;ASP Varejo - Hiper (ASP Softwares Brusque) - Mensal;6;1;;01/04/2024;;Fidelidade 31/03/2025;396,10;15;15/02/2025;01/04/2025;1;1;1;1;0;14;5;89;;
1453;1453;07.272.690/0006-91;ASP Varejo - Hiper (ASP Softwares Brusque) - Mensal;6;1;;01/04/2024;;Fidelidade 31/03/2025;396,10;15;15/02/2025;01/04/2025;1;1;1;1;0;14;5;89;;
1457;1457;07.272.690/0009-34;ASP Varejo - Hiper (ASP Softwares Brusque) - Mensal;6;1;;01/04/2024;;Fidelidade 31/03/2025;429,50;15;15/02/2025;01/04/2025;1;1;1;1;0;14;5;89;;
1461;1461;44.201.239/0001-03;ASP Varejo - Hiper (ASP Softwares Brusque) - Mensal;6;1;;01/04/2024;;Fidelidade 11/04/2025;342,21;20;20/02/2025;01/04/2025;1;1;1;1;0;14;5;89;;
1297;1297;17.980.599/0001-70;ASP Hiper Mini 2024 (ASP Softwares Brusque) - Mensal;2;1;;01/05/2024;;Fidelidade 30/04/2025;143,17;15;15/02/2025;01/05/2025;1;1;1;1;0;14;5;89;;
1298;1298;28.898.935/0001-56;ASP Varejo - Hiper (ASP Softwares Brusque) - Mensal;6;1;;01/05/2024;;Fidelidade 01/05/2025;226,17;25;25/02/2025;01/05/2025;1;1;1;1;0;14;5;89;;
1309;1309;13.672.756/0001-29;ASP Varejo - Hiper (ASP Softwares Brusque) - Mensal;6;1;;01/05/2024;;Fidelidade 30/04/2025;175,89;14;14/02/2025;01/05/2025;1;1;1;1;0;14;5;89;;
1353;1353;21.821.740/0001-69;ASP Varejo - Hiper (ASP Softwares Brusque) - Mensal;6;1;;01/05/2024;;Fidelidade 30/04/2025;251,79;22;22/02/2025;01/05/2025;1;1;1;1;0;14;5;89;;
1374;1374;81.337.909/0001-31;ASP Varejo - Hiper (ASP Softwares Brusque) - Mensal;6;1;;01/05/2024;;Fidelidade 30/04/2025;230,42;15;15/02/2025;01/05/2025;1;1;1;1;0;14;5;89;;
1379;1379;08.689.469/0002-72;ASP Varejo - Hiper (ASP Softwares Brusque) - Mensal;6;1;;01/05/2024;;Fidelidade 30/04/2025;284,69;5;5/02/2025;01/05/2025;1;1;1;1;0;14;5;89;;
1430;1430;28.652.192/0001-30;ASP Hiper Mini 2024 (ASP Softwares Brusque) - Mensal;2;1;;01/05/2024;;Fidelidade 30/04/2025;73,40;15;15/02/2025;01/05/2025;1;1;1;1;0;14;5;89;;
1445;1445;30.533.943/0001-40;ASP Varejo - Hiper (ASP Softwares Brusque) - Mensal;6;1;;01/05/2024;;Fidelidade 30/04/2025;278,90;10;10/02/2025;01/05/2025;1;1;1;1;0;14;5;89;;
1446;1446;21.733.172/0001-44;ASP Varejo - Hiper (ASP Softwares Brusque) - Mensal;6;1;;01/05/2024;;Fidelidade 27/05/2025;343,00;15;15/02/2025;01/05/2025;1;1;1;1;0;14;5;89;;
1454;1454;07.272.690/0008-53;ASP Varejo - Hiper (ASP Softwares Brusque) - Mensal;6;1;;01/05/2024;;Fidelidade 30/04/2025;396,10;15;15/02/2025;01/05/2025;1;1;1;1;0;14;5;89;;
1456;1456;07.272.690/0003-49;ASP Varejo - Hiper (ASP Softwares Brusque) - Mensal;6;1;;01/05/2024;;Fidelidade 30/04/2025;396,10;15;15/02/2025;01/05/2025;1;1;1;1;0;14;5;89;;
1517;1517;35.718.034/0001-09;ASP Varejo - Hiper (ASP Softwares Brusque) - Mensal;6;1;;01/05/2024;;Fidelidade 30/04/2025;150,00;15;15/02/2025;01/05/2025;1;1;1;1;0;14;5;89;;
1605;1605;43.546.017/0001-51;ASP Varejo - Hiper (ASP Softwares Brusque) - Mensal;6;1;;09/05/2024;;Fidelidade 08/05/2025;220,00;15;15/02/2025;09/05/2025;1;1;1;1;0;14;5;89;;
1599;1599;72.566.573/0001-98;ASP Varejo - Hiper (ASP Softwares Brusque) - Mensal;6;1;;12/05/2024;;Fidelidade 11/05/2025;235,00;15;15/02/2025;12/05/2025;1;1;1;1;0;14;5;89;;
1601;1601;44.437.505/0001-93;ASP Varejo - Hiper (ASP Softwares Brusque) - Mensal;6;1;;12/05/2024;;Fidelidade 11/05/2025;270,00;15;15/02/2025;12/05/2025;1;1;1;1;0;14;5;89;;
1595;1595;47.490.935/0001-67;ASP Varejo - Hiper (ASP Softwares Brusque) - Mensal;6;1;;15/05/2024;;Fidelidade 14/05/2025;140,00;15;15/02/2025;15/05/2025;1;1;1;1;0;14;5;89;;
1589;1589;57.394.346/0001-39;ASP Varejo - Hiper (ASP Softwares Brusque) - Mensal;6;1;;20/05/2024;;Fidelidade 19/05/2025;215,45;15;15/02/2025;20/05/2025;1;1;1;1;0;14;5;89;;
1609;1609;41.552.919/0001-75;ASP Varejo - Hiper (ASP Softwares Brusque) - Mensal;6;1;;26/07/2024;11/10/2024;Fidelidade 24/07/2025;220,00;10;10/02/2025;;1;2;1;1;0;14;5;89;;
1591;1591;42.431.847/0001-70;ASP Varejo - Hiper (ASP Softwares Brusque) - Mensal;6;1;;20/05/2024;;Fidelidade 19/05/2025;350,00;15;15/02/2025;20/05/2025;1;1;1;1;0;14;5;89;;
1593;1593;54.844.516/0001-41;ASP Varejo - Hiper (ASP Softwares Brusque) - Mensal;6;1;;20/05/2024;;Fidelidade 19/05/2025;252,80;15;15/02/2025;20/05/2025;1;1;1;1;0;14;5;89;;
1765;1765;29.832.960/0001-08;ASP Varejo - Hiper 2024 (ASP Softwares Brusque) - Mensal;7;1;;18/09/2024;11/10/2024;Fidelidade 17/09/2025;500,00;15;15/02/2025;;1;2;1;1;0;14;5;89;;
1587;1587;54.972.335/0001-09;ASP Varejo - Hiper (ASP Softwares Brusque) - Mensal;6;1;;23/05/2024;;Fidelidade 22/05/2025;299,00;15;15/02/2025;23/05/2025;1;1;1;1;0;14;5;89;;
1585;1585;31.609.160/0002-47;ASP Varejo - Hiper (ASP Softwares Brusque) - Mensal;6;1;;26/05/2024;;Fidelidade 25/05/2025;299,00;15;15/02/2025;26/05/2025;1;1;1;1;0;14;5;89;;
1581;1581;49.267.346/0001-40;ASP Varejo - Hiper (ASP Softwares Brusque) - Mensal;6;1;;27/05/2024;;Fidelidade 26/05/2025;287,00;15;15/02/2025;27/05/2025;1;1;1;1;0;14;5;89;;
1583;1583;29.048.237/0001-24;ASP Varejo - Hiper (ASP Softwares Brusque) - Mensal;6;1;;27/05/2024;;Fidelidade 26/05/2025;349,50;15;15/02/2025;27/05/2025;1;1;1;1;0;14;5;89;;
1302;1302;95.857.165/0001-90;ASP Varejo - Hiper (ASP Softwares Brusque) - Mensal;6;1;;01/06/2024;;Fidelidade 31/05/2025;369,57;14;14/02/2025;01/06/2025;1;1;1;1;0;14;5;89;;
1305;1305;04.771.825/0001-60;ASP Hiper Mini 2024 (ASP Softwares Brusque) - Mensal;2;1;;01/06/2024;;Fidelidade 31/05/2025;135,70;10;10/02/2025;01/06/2025;1;1;1;1;0;14;5;89;;
1317;1317;03.365.007/0001-03;ASP Varejo - Hiper (ASP Softwares Brusque) - Mensal;6;1;;01/06/2024;;Fidelidade 09/06/2025;236,94;20;20/02/2025;01/06/2025;1;1;1;1;0;14;5;89;;
1319;1319;07.345.326/0001-08;ASP Varejo - Hiper (ASP Softwares Brusque) - Mensal;6;1;;01/06/2024;;Fidelidade 31/05/2025;231,79;20;20/02/2025;01/06/2025;1;1;1;1;0;14;5;89;;
1320;1320;08.677.501/0001-19;ASP Hiper Mini 2024 (ASP Softwares Brusque) - Mensal;2;1;;01/06/2024;;Fidelidade 31/05/2025;149,70;19;19/02/2025;01/06/2025;1;1;1;1;0;14;5;89;;
1364;1364;29.484.180/0001-06;ASP Varejo - Hiper (ASP Softwares Brusque) - Mensal;6;1;;01/06/2024;;Fidelidade 31/05/2025;241,25;24;24/02/2025;01/06/2025;1;1;1;1;0;14;5;89;;
1382;1382;33.362.663/0001-05;ASP Varejo - Hiper (ASP Softwares Brusque) - Mensal;6;1;;01/06/2024;;Fidelidade 31/05/2025;316,01;20;20/02/2025;01/06/2025;1;1;1;1;0;14;5;89;;
1383;1383;22.468.850/0001-51;ASP Varejo - Hiper (ASP Softwares Brusque) - Mensal;6;1;;01/06/2024;;Fidelidade 31/05/2025;282,26;24;24/02/2025;01/06/2025;1;1;1;1;0;14;5;89;;
1384;1384;26.355.791/0001-66;ASP Hiper Mini 2024 (ASP Softwares Brusque) - Mensal;2;1;;01/06/2024;;Fidelidade 31/05/2025;140,01;25;25/02/2025;01/06/2025;1;1;1;1;0;14;5;89;;
1399;1399;32.784.577/0001-28;ASP Varejo - Hiper (ASP Softwares Brusque) - Mensal;6;1;;01/06/2024;;Fidelidade 31/05/2025;185,24;10;10/02/2025;01/06/2025;1;1;1;1;0;14;5;89;;
1400;1400;41.269.574/0001-47;ASP Varejo - Hiper (ASP Softwares Brusque) - Mensal;6;1;;01/06/2024;;Fidelidade 31/05/2025;307,70;28;28/02/2025;01/06/2025;1;1;1;1;0;14;5;89;;
1433;1433;47.351.201/0001-05;ASP Varejo - Hiper (ASP Softwares Brusque) - Mensal;6;1;;01/06/2024;;Fidelidade 05/06/2025;198,08;15;15/02/2025;01/06/2025;1;1;1;1;0;14;5;89;;
1449;1449;73.801.359/0001-31;ASP Varejo - Hiper (ASP Softwares Brusque) - Mensal;6;1;;01/06/2024;;Fidelidade 23/06/2025;355,00;15;15/02/2025;01/06/2025;1;1;1;1;0;14;5;89;;
1450;1450;03.384.251/0001-05;ASP Varejo - Hiper (ASP Softwares Brusque) - Mensal;6;1;;01/06/2024;;Fidelidade 20/06/2025;589,90;15;15/02/2025;01/06/2025;1;1;1;1;0;14;5;89;;
1789;1789;05.150.577/0001-01;ASP Varejo - Hiper 2024 (ASP Softwares Brusque) - Mensal;7;1;;30/09/2024;11/10/2024;;263,51;20;20/02/2025;;1;2;1;1;0;14;5;89;;
1462;1462;05.904.269/0001-16;ASP Hiper Mini 2024 (ASP Softwares Brusque) - Mensal;2;1;;01/06/2024;;Fidelidade 31/05/2025;149,70;1;1/02/2025;01/06/2025;1;1;1;1;0;14;5;89;;
1503;1503;54.233.763/0001-01;ASP Varejo - Hiper (ASP Softwares Brusque) - Mensal;6;1;;01/06/2024;;Fidelidade 31/05/2025;229,00;15;15/02/2025;01/06/2025;1;1;1;1;0;14;5;89;;
1507;1507;12.756.968/0001-21;ASP Varejo - Hiper (ASP Softwares Brusque) - Mensal;6;1;;01/06/2024;;Fidelidade 31/05/2025;248,50;15;15/02/2025;01/06/2025;1;1;1;1;0;14;5;89;;
1509;1509;55.539.151/0001-04;ASP Varejo - Hiper (ASP Softwares Brusque) - Mensal;6;1;;01/06/2024;;Fidelidade 31/05/2025;250,00;15;15/02/2025;01/06/2025;1;1;1;1;0;14;5;89;;
1511;1511;39.505.229/0001-13;ASP Hiper Mini 2024 (ASP Softwares Brusque) - Mensal;2;1;;01/06/2024;;Fidelidade 31/05/2025;100,00;15;15/02/2025;01/06/2025;1;1;1;1;0;14;5;89;;
1513;1513;41.329.543/0001-34;ASP Varejo - Hiper (ASP Softwares Brusque) - Mensal;6;1;;01/06/2024;;Fidelidade 31/05/2025;259,80;15;15/02/2025;01/06/2025;1;1;1;1;0;14;5;89;;
1515;1515;54.206.717/0001-13;ASP Varejo - Hiper (ASP Softwares Brusque) - Mensal;6;1;;01/06/2024;;Fidelidade 31/05/2025;289,00;15;15/02/2025;01/06/2025;1;1;1;1;0;14;5;89;;
1525;1525;55.015.164/0001-84;ASP Varejo - Hiper (ASP Softwares Brusque) - Mensal;6;1;;01/06/2024;;Fidelidade 31/05/2025;240,00;15;15/02/2025;01/06/2025;1;1;1;1;0;14;5;89;;
1527;1527;54.895.171/0001-55;ASP Varejo - Hiper (ASP Softwares Brusque) - Mensal;6;1;;01/06/2024;;Fidelidade 31/05/2025;250,00;15;15/02/2025;01/06/2025;1;1;1;1;0;14;5;89;;
1613;1613;54.068.203/0001-49;ASP Varejo - Hiper (ASP Softwares Brusque) - Mensal;6;1;;19/06/2024;;Fidelidade 18/06/2025;185,00;15;15/02/2025;19/06/2025;1;1;1;1;0;14;5;89;;
1597;1597;28.466.736/0001-79;ASP Varejo - Hiper (ASP Softwares Brusque) - Mensal;6;1;;24/06/2024;;Fidelidade 23/06/2025;189,90;15;15/02/2025;24/06/2025;1;1;1;1;0;14;5;89;;
1341;1341;13.972.268/0001-37;ASP Varejo - Hiper (ASP Softwares Brusque) - Mensal;6;1;;01/07/2024;;Fidelidade 30/06/2025;299,41;27;27/02/2025;01/07/2025;1;1;1;1;0;14;5;89;;
1342;1342;85.277.994/0001-40;ASP Varejo - Hiper (ASP Softwares Brusque) - Mensal;6;1;;01/07/2024;;Fidelidade 30/06/2025;293,59;14;14/02/2025;01/07/2025;1;1;1;1;0;14;5;89;;
1343;1343;11.578.702/0001-73;ASP Hiper Mini 2024 (ASP Softwares Brusque) - Mensal;2;1;;01/07/2024;;Fidelidade 30/06/2025;160,04;25;25/02/2025;01/07/2025;1;1;1;1;0;14;5;89;;
1344;1344;07.240.265/0001-06;ASP Varejo - Hiper (ASP Softwares Brusque) - Mensal;6;1;;01/07/2024;;Fidelidade 30/06/2025;260,10;24;24/02/2025;01/07/2025;1;1;1;1;0;14;5;89;;
1348;1348;10.652.065/0001-75;ASP Hiper Mini 2024 (ASP Softwares Brusque) - Mensal;2;1;;01/07/2024;;Fidelidade 30/06/2025;130,81;20;20/02/2025;01/07/2025;1;1;1;1;0;14;5;89;;
1352;1352;25.292.347/0001-86;ASP Hiper Mini 2024 (ASP Softwares Brusque) - Mensal;2;1;;01/07/2024;;Fidelidade 30/06/2025;132,43;10;10/02/2025;01/07/2025;1;1;1;1;0;14;5;89;;
1354;1354;08.297.721/0001-17;ASP Hiper Mini 2024 (ASP Softwares Brusque) - Mensal;2;1;;01/07/2024;;Fidelidade 30/06/2025;151,34;25;25/02/2025;01/07/2025;1;1;1;1;0;14;5;89;;
1356;1356;07.324.766/0001-70;ASP Varejo - Hiper (ASP Softwares Brusque) - Mensal;6;1;;01/07/2024;;Fidelidade 30/06/2025;185,60;15;15/02/2025;01/07/2025;1;1;1;1;0;14;5;89;;
1360;1360;13.996.051/0001-67;ASP Varejo - Hiper (ASP Softwares Brusque) - Mensal;6;1;;01/07/2024;;Fidelidade 30/06/2025;278,48;15;15/02/2025;01/07/2025;1;1;1;1;0;14;5;89;;
1368;1368;28.606.277/0001-81;ASP Varejo - Hiper (ASP Softwares Brusque) - Mensal;6;1;;01/07/2024;;Fidelidade 30/06/2025;258,48;10;10/02/2025;01/07/2025;1;1;1;1;0;14;5;89;;
1369;1369;29.160.993/0001-40;ASP Varejo - Hiper (ASP Softwares Brusque) - Mensal;6;1;;01/07/2024;;Fidelidade 30/06/2025;246,84;10;10/02/2025;01/07/2025;1;1;1;1;0;14;5;89;;
1370;1370;11.646.698/0001-33;ASP Varejo - Hiper (ASP Softwares Brusque) - Mensal;6;1;;01/07/2024;;Fidelidade 30/06/2025;266,02;10;10/02/2025;01/07/2025;1;1;1;1;0;14;5;89;;
1372;1372;29.851.245/0001-04;ASP Hiper Mini 2024 (ASP Softwares Brusque) - Mensal;2;1;;01/07/2024;;Fidelidade 30/06/2025;196,04;22;22/02/2025;01/07/2025;1;1;1;1;0;14;5;89;;
1373;1373;07.493.209/0001-83;ASP Varejo - Hiper (ASP Softwares Brusque) - Mensal;6;1;;01/07/2024;;Fidelidade 30/06/2025;262,03;25;25/02/2025;01/07/2025;1;1;1;1;0;14;5;89;;
1385;1385;10.323.645/0001-19;ASP Varejo - Hiper (ASP Softwares Brusque) - Mensal;6;1;;01/07/2024;;Fidelidade 30/06/2025;242,33;16;16/02/2025;01/07/2025;1;1;1;1;0;14;5;89;;
1390;1390;37.555.467/0001-08;ASP Varejo - Hiper (ASP Softwares Brusque) - Mensal;6;1;;01/07/2024;;Fidelidade 30/06/2025;192,24;25;25/02/2025;01/07/2025;1;1;1;1;0;14;5;89;;
1401;1401;28.037.691/0001-17;ASP Varejo - Hiper (ASP Softwares Brusque) - Mensal;6;1;;01/07/2024;;Fidelidade 30/06/2025;222,87;22;22/02/2025;01/07/2025;1;1;1;1;0;14;5;89;;
1403;1403;28.017.644/0001-01;ASP Varejo - Hiper (ASP Softwares Brusque) - Mensal;6;1;;01/07/2024;;Fidelidade 30/06/2025;197,09;28;28/02/2025;01/07/2025;1;1;1;1;0;14;5;89;;
1406;1406;29.191.099/0002-19;ASP Varejo - Hiper (ASP Softwares Brusque) - Mensal;6;1;;01/07/2024;;Fidelidade 30/06/2025;257,72;28;28/02/2025;01/07/2025;1;1;1;1;0;14;5;89;;
1417;1417;43.418.297/0001-12;ASP Varejo - Hiper (ASP Softwares Brusque) - Mensal;6;1;;01/07/2024;;Fidelidade 30/06/2025;166,72;10;10/02/2025;01/07/2025;1;1;1;1;0;14;5;89;;
1419;1419;34.512.805/0001-36;ASP Varejo - Hiper (ASP Softwares Brusque) - Mensal;6;1;;01/07/2024;;Fidelidade 30/06/2025;241,89;15;15/02/2025;01/07/2025;1;1;1;1;0;14;5;89;;
1768;1768;04.962.283/0005-37;ASP Varejo - Hiper 2024 (ASP Softwares Brusque) - Mensal;7;1;;18/09/2024;22/10/2024;Fidelidade 17/09/2025;759,60;10;10/02/2025;;1;2;1;1;0;14;5;89;;
1736;1736;44.838.637/0001-27;ASP Varejo - Hiper 2024 (ASP Softwares Brusque) - Mensal;7;1;;05/09/2024;29/10/2024;Fidelidade 04/09/2025;289,91;5;5/02/2025;;1;2;1;1;0;14;5;89;;
1420;1420;06.910.424/0001-70;ASP Hiper Mini 2024 (ASP Softwares Brusque) - Mensal;2;1;;01/07/2024;;Fidelidade 30/06/2025;192,02;10;10/02/2025;01/07/2025;1;1;1;1;0;14;5;89;;
1429;1429;95.769.212/0001-44;ASP Varejo - Hiper (ASP Softwares Brusque) - Mensal;6;1;;01/07/2024;;Fidelidade 30/06/2025;362,72;5;5/02/2025;01/07/2025;1;1;1;1;0;14;5;89;;
1434;1434;38.204.136/0001-96;ASP Varejo - Hiper (ASP Softwares Brusque) - Mensal;6;1;;01/07/2024;;Fidelidade 30/06/2025;968,12;15;15/02/2025;01/07/2025;1;1;1;1;0;14;5;89;;
1529;1529;48.348.263/0001-12;ASP Varejo - Hiper (ASP Softwares Brusque) - Mensal;6;1;;01/07/2024;;Fidelidade 30/06/2025;1360,00;15;15/02/2025;01/07/2025;1;1;1;1;0;14;5;89;;
1519;1519;19.963.351/0001-26;ASP Varejo - Hiper (ASP Softwares Brusque) - Mensal;6;1;;01/06/2024;01/11/2024;Fidelidade 31/05/2025;240,00;15;15/02/2025;;1;2;1;1;0;14;5;89;;
1108;1108;15.754.464/0001-60;ASP Varejo - Hiper (ASP Softwares Brusque) - Mensal;6;1;;11/07/2024;;Fidelidade 10/07/2025;229,90;1;1/02/2025;11/07/2025;1;1;1;1;0;14;5;89;;
1986;1986;30.479.586/0001-80;ASP Varejo - Hiper 2024 (ASP Softwares Brusque) - Mensal;7;1;;30/10/2024;01/11/2024;Fidelidade 29/10/2025;207,92;25;25/02/2025;;1;2;1;1;0;14;5;89;;
1465;1465;36.433.722/0001-87;ASP Varejo - Hiper (ASP Softwares Brusque) - Mensal;6;1;;16/07/2024;;Fidelidade 15/07/2025;329,70;15;15/02/2025;16/07/2025;1;1;1;1;0;14;5;89;;
1473;1473;32.442.858/0001-00;ASP Varejo - Hiper (ASP Softwares Brusque) - Mensal;6;1;;18/07/2024;;Fidelidade 17/07/2025;289,80;15;15/02/2025;18/07/2025;1;1;1;1;0;14;5;89;;
1672;1672;56.212.415/0001-83;ASP Varejo - Hiper 2024 (ASP Softwares Brusque) - Mensal;7;1;;12/08/2024;06/11/2024;Fidelidade 11/08/2025;500,00;20;20/02/2025;;1;2;1;1;0;14;5;89;;
1567;1567;01.034.866/0001-86;ASP Varejo - Hiper (ASP Softwares Brusque) - Mensal;6;1;;19/07/2024;;Fidelidade 18/07/2025;379,80;10;10/02/2025;19/07/2025;1;1;1;1;0;14;5;89;;
1603;1603;29.484.180/0001-06;ASP Varejo - Hiper (ASP Softwares Brusque) - Mensal;6;1;;24/07/2024;;Fidelidade 23/07/2025;39,00;24;24/02/2025;24/07/2025;1;1;1;1;0;14;5;89;;
1663;1663;57.976.079/0001-08;ASP Varejo - Hiper (ASP Softwares Brusque) - Mensal;6;1;;26/07/2024;;Fidelidade 25/07/2025;332,40;10;10/02/2025;26/07/2025;1;1;1;1;0;14;5;89;;
1627;1627;49.054.816/0001-97;ASP Varejo - Hiper (ASP Softwares Brusque) - Mensal;6;1;;30/07/2024;;Fidelidade 29/07/2025;249,50;15;15/02/2025;30/07/2025;1;1;1;1;0;14;5;89;;
1646;1646;49.451.779/0001-50;ASP Hiper Mini 2024 (ASP Softwares Brusque) - Mensal;2;1;;06/08/2024;;Fidelidade 05/08/2025;100,00;10;10/02/2025;06/08/2025;1;1;1;1;0;14;5;89;;
1666;1666;03.851.182/0001-00;ASP Varejo - Hiper 2024 (ASP Softwares Brusque) - Mensal;7;1;;09/08/2024;;Fidelidade 08/08/2025;296,91;15;15/02/2025;09/08/2025;1;1;1;1;0;14;5;89;;
1675;1675;51.305.927/0001-70;ASP Varejo - Hiper 2024 (ASP Softwares Brusque) - Mensal;7;1;;12/08/2024;;Fidelidade 11/08/2025;275,42;15;15/02/2025;12/08/2025;1;1;1;1;0;14;5;89;;
1447;1447;54.834.707/0001-22;ASP Varejo - Hiper (ASP Softwares Brusque) - Mensal;6;1;;01/06/2024;08/11/2024;Fidelidade 02/06/2025;278,00;15;15/02/2025;;1;2;1;1;0;14;5;89;;
1387;1387;09.554.290/0001-90;ASP Hiper Mini 2024 (ASP Softwares Brusque) - Mensal;2;1;;01/07/2024;11/11/2024;Fidelidade 30/06/2025;214,32;10;10/02/2025;;1;2;1;1;0;14;5;89;;
1688;1688;33.813.538/0001-74;ASP Varejo - Hiper 2024 (ASP Softwares Brusque) - Mensal;7;1;;19/08/2024;;Fidelidade 18/08/2025;259,90;15;15/02/2025;19/08/2025;1;1;1;1;0;14;5;89;;
1699;1699;40.489.662/0001-91;ASP Varejo - Hiper 2024 (ASP Softwares Brusque) - Mensal;7;1;;23/08/2024;;Fidelidade 22/08/2025;259,90;10;10/02/2025;23/08/2025;1;1;1;1;0;14;5;89;;
1111;1111;53.900.418/0001-11;ASP Varejo - Hiper (ASP Softwares Brusque) - Mensal;6;1;;10/07/2024;18/11/2024;Fidelidade 09/07/2025;249,00;10;10/02/2025;;1;2;1;1;0;14;5;89;;
1706;1706;33.141.338/0001-12;ASP Hiper Mini 2024 (ASP Softwares Brusque) - Mensal;2;1;;23/08/2024;;Fidelidade 22/08/2025;150,00;15;15/02/2025;23/08/2025;1;1;1;1;0;14;5;89;;
1709;1709;04.518.434/0001-39;ASP Varejo - Hiper 2024 (ASP Softwares Brusque) - Mensal;7;1;;23/08/2024;;Fidelidade 22/08/2025;325,44;10;10/02/2025;23/08/2025;1;1;1;1;0;14;5;89;;
1718;1718;76.587.518/0001-35;ASP Varejo - Hiper 2024 (ASP Softwares Brusque) - Mensal;7;1;;29/08/2024;;Fidelidade 28/08/2025;299,90;15;15/02/2025;29/08/2025;1;1;1;1;0;14;5;89;;
1721;1721;47.809.387/0001-95;ASP Varejo - Hiper 2024 (ASP Softwares Brusque) - Mensal;7;1;;29/08/2024;;Fidelidade 28/08/2025;250,00;15;15/02/2025;29/08/2025;1;1;1;1;0;14;5;89;;
1725;1725;43.547.101/0001-90;ASP Varejo - Hiper 2024 (ASP Softwares Brusque) - Mensal;7;1;;30/08/2024;;Fidelidade 29/08/2025;300,00;20;20/02/2025;30/08/2025;1;1;1;1;0;14;5;89;;
1728;1728;37.411.289/0001-41;ASP Varejo - Hiper 2024 (ASP Softwares Brusque) - Mensal;7;1;;30/08/2024;;Fidelidade 29/08/2025;207,92;20;20/02/2025;30/08/2025;1;1;1;1;0;14;5;89;;
1643;1643;44.201.239/0001-03;ASP Varejo - Hiper (ASP Softwares Brusque) - Mensal;6;1;;01/09/2024;;Fidelidade 31/08/2025;12,90;20;20/02/2025;01/09/2025;1;1;1;1;0;14;5;89;;
1731;1731;53.050.900/0001-00;ASP Varejo - Hiper 2024 (ASP Softwares Brusque) - Mensal;7;1;;02/09/2024;;Fidelidade 01/09/2025;259,90;10;10/02/2025;02/09/2025;1;1;1;1;0;14;5;89;;
1357;1357;80.735.210/0001-67;ASP Varejo - Hiper (ASP Softwares Brusque) - Mensal;6;1;;01/09/2023;18/11/2024;Fidelidade 31/08/2024;432,47;15;15/02/2025;14/08/2024;1;2;1;1;0;14;5;89;;
1739;1739;54.757.293/0001-85;ASP Varejo - Hiper 2024 (ASP Softwares Brusque) - Mensal;7;1;;05/09/2024;;Fidelidade 04/09/2025;259,90;20;20/02/2025;05/09/2025;1;1;1;1;0;14;5;89;;
1742;1742;55.769.845/0001-38;ASP Varejo - Hiper 2024 (ASP Softwares Brusque) - Mensal;7;1;;11/09/2024;;Fidelidade 10/09/2025;300,00;5;5/02/2025;11/09/2025;1;1;1;1;0;14;5;89;;
1523;1523;55.603.876/0001-14;ASP Varejo - Hiper (ASP Softwares Brusque) - Mensal;6;1;;01/06/2024;18/11/2024;Fidelidade 31/05/2025;229,90;15;15/02/2025;;1;2;1;1;0;14;5;89;;
1748;1748;29.671.915/0001-00;ASP Varejo - Hiper 2024 (ASP Softwares Brusque) - Mensal;7;1;;12/09/2024;;Fidelidade 11/09/2025;265,80;10;10/02/2025;12/09/2025;1;1;1;1;0;14;5;89;;
1761;1761;33.302.972/0001-90;ASP Varejo - Hiper 2024 (ASP Softwares Brusque) - Mensal;7;1;;16/09/2024;;Fidelidade 15/09/2025;259,90;25;25/02/2025;16/09/2025;1;1;1;1;0;14;5;89;;
1448;1448;54.068.566/0001-84;ASP Hiper Mini 2024 (ASP Softwares Brusque) - Mensal;2;1;;01/06/2024;03/12/2024;Fidelidade 31/05/2025;100,00;15;15/02/2025;;1;2;1;1;0;14;5;89;;
1772;1772;28.420.175/0001-77;ASP Varejo - Hiper 2024 (ASP Softwares Brusque) - Mensal;7;1;;23/09/2024;;;250,00;15;15/02/2025;23/09/2025;1;1;1;1;0;14;5;89;;
1777;1777;57.269.558/0001-94;ASP Hiper Mini 2024 (ASP Softwares Brusque) - Mensal;2;1;;23/09/2024;;;179,91;15;15/02/2025;23/09/2025;1;1;1;1;0;14;5;89;;
1782;1782;34.195.076/0001-31;ASP Varejo - Hiper 2024 (ASP Softwares Brusque) - Mensal;7;1;;27/09/2024;;;247,92;25;25/02/2025;27/09/2025;1;1;1;1;0;14;5;89;;
1786;1786;36.514.168/0001-62;ASP Varejo - Hiper 2024 (ASP Softwares Brusque) - Mensal;7;1;;30/09/2024;;;207,92;25;25/02/2025;30/09/2025;1;1;1;1;0;14;5;89;;
1293;1293;81.865.271/0001-01;ASP Varejo - Hiper (ASP Softwares Brusque) - Mensal;6;1;;01/09/2023;16/12/2024;Fidelidade 31/08/2024;265,98;20;20/02/2025;14/08/2024;1;2;1;1;0;14;5;89;;
1989;1989;27.056.272/0001-60;ASP Varejo - Hiper 2024 (ASP Softwares Brusque) - Mensal;7;1;;31/10/2024;16/12/2024;Fidelidade 30/10/2025;220,00;25;25/02/2025;;1;2;1;1;0;14;5;89;;
1803;1803;55.380.423/0001-76;ASP Varejo - Hiper 2024 (ASP Softwares Brusque) - Mensal;7;1;;09/10/2024;;;263,33;5;5/02/2025;09/10/2025;1;1;1;1;0;14;5;89;;
1811;1811;58.010.751/0001-79;ASP Varejo - Hiper 2024 (ASP Softwares Brusque) - Mensal;7;1;;10/10/2024;;;247,00;10;10/02/2025;10/10/2025;1;1;1;1;0;14;5;89;;
1818;1818;42.672.814/0001-12;ASP Varejo - Hiper 2024 (ASP Softwares Brusque) - Mensal;7;1;;14/10/2024;;Fidelidade 15/10/2025;207,92;15;15/02/2025;14/10/2025;1;1;1;1;0;14;5;89;;
1821;1821;13.996.051/0005-90;ASP Varejo - Hiper 2024 (ASP Softwares Brusque) - Mensal;7;1;;15/10/2024;;Fidelidade 14/10/2025;259,80;10;10/02/2025;15/10/2025;1;1;1;1;0;14;5;89;;
1831;1831;34.231.404/0001-08;ASP Varejo - Hiper 2024 (ASP Softwares Brusque) - Mensal;7;1;;17/10/2024;;Fidelidade 16/04/2025;247,84;20;20/02/2025;17/10/2025;1;1;1;1;0;14;5;89;;
1825;1825;26.033.929/0001-00;ASP Varejo - Hiper 2024 (ASP Softwares Brusque) - Mensal;7;1;;21/10/2024;;Fidelidade 20/10/2025;305,00;20;20/02/2025;21/10/2025;1;1;1;1;0;14;5;89;;
1856;1856;31.387.572/0001-07;ASP Varejo - Hiper 2024 (ASP Softwares Brusque) - Mensal;7;1;;22/10/2024;;Fidelidade 21/10/2025;250,00;20;20/02/2025;22/10/2025;1;1;1;1;0;14;5;89;;
1983;1983;57.834.402/0001-09;ASP Varejo - Hiper 2024 (ASP Softwares Brusque) - Mensal;7;1;;30/10/2024;;Fidelidade 29/10/2025;201,94;25;25/02/2025;30/10/2025;1;1;1;1;0;14;5;89;;
1992;1992;36.539.601/0001-14;ASP Varejo - Hiper 2024 (ASP Softwares Brusque) - Mensal;7;1;;31/10/2024;16/12/2024;Fidelidade 30/10/2025;220,00;25;25/02/2025;;1;2;1;1;0;14;5;89;;
1800;1800;00.736.605/0001-45;ASP Varejo - Hiper 2024 (ASP Softwares Brusque) - Mensal;7;1;;17/09/2024;16/01/2025;Fidelidade 16/09/2025;220,00;10;10/02/2025;;1;2;1;1;0;14;5;89;;
1304;1304;13.884.464/0001-50;ASP Hiper Mini 2024 (ASP Softwares Brusque) - Mensal;2;1;;01/04/2024;23/01/2025;Fidelidade 31/03/2025;139,07;23;23/02/2025;;1;2;1;1;0;14;5;89;;
1995;1995;33.885.462/0001-92;ASP Varejo - Hiper 2024 (ASP Softwares Brusque) - Mensal;7;1;;31/10/2024;;Fidelidade 30/10/2025;220,50;25;25/02/2025;31/10/2025;1;1;1;1;0;14;5;89;;
1998;1998;53.565.353/0001-03;ASP Varejo - Hiper 2024 (ASP Softwares Brusque) - Mensal;7;1;;01/11/2024;;Fidelidade 31/10/2025;259,90;5;5/02/2025;01/11/2025;1;1;1;1;0;14;5;89;;
2104;2104;57.511.241/0001-12;ASP Varejo - Hiper 2024 (ASP Softwares Brusque) - Mensal;7;1;;27/11/2024;;Fidelidade 26/11/2025;269,00;10;10/02/2025;27/11/2025;1;1;1;1;0;14;5;89;;
2113;2113;33.520.037/0001-08;ASP Varejo - Hiper 2024 (ASP Softwares Brusque) - Mensal;7;1;;29/11/2024;;Fidelidade 28/11/2025;259,90;15;15/02/2025;29/11/2025;1;1;1;1;0;14;5;89;;
1340;1340;11.206.209/0001-22;ASP Varejo - Hiper (ASP Softwares Brusque) - Mensal;6;1;;01/05/2024;10/02/2025;Fidelidade 30/04/2025;598,50;10;10/02/2025;;1;2;1;1;0;14;5;89;;
2133;2133;38.163.185/0001-28;ASP Hiper Mini 2024 (ASP Softwares Brusque) - Mensal;2;1;;16/12/2024;;Fidelidade 15/12/2025;159,90;15;15/02/2025;16/12/2025;1;1;1;1;0;14;5;89;;
2145;2145;09.554.290/0001-90;ASP Varejo - Hiper 2024 (ASP Softwares Brusque) - Mensal;7;1;;06/01/2025;;Fidelidade 05/01/2026;235,90;15;15/02/2025;06/01/2026;1;1;1;1;0;14;5;89;;
2148;2148;54.119.184/0001-32;ASP Varejo - Hiper 2024 (ASP Softwares Brusque) - Mensal;7;1;;09/01/2025;;Fidelidade 08/01/2026;299,98;5;5/02/2025;09/01/2026;1;1;1;1;0;14;5;89;;
2157;2157;46.232.961/0001-22;ASP Varejo - Hiper 2024 (ASP Softwares Brusque) - Mensal;7;1;;14/01/2025;;Fidelidade 13/01/2026;279,90;14;14/02/2025;14/01/2026;1;1;1;1;0;14;5;89;;
2154;2154;40.304.196/0001-22;ASP Hiper Mini 2024 (ASP Softwares Brusque) - Mensal;2;1;;16/01/2025;;Fidelidade 15/01/2026;159,90;15;15/02/2025;16/01/2026;1;1;1;1;0;14;5;89;;
2163;2163;10.380.090/0001-47;ASP Varejo - Hiper 2024 (ASP Softwares Brusque) - Mensal;7;1;;17/01/2025;;Fidelidade 16/01/2026;279,90;15;15/02/2025;17/01/2026;1;1;1;1;0;14;5;89;;
2169;2169;03.899.243/0001-00;ASP Varejo - Hiper 2024 (ASP Softwares Brusque) - Mensal;7;1;;17/01/2025;;Fidelidade 16/01/2026;449,90;15;15/02/2025;17/01/2026;1;1;1;1;0;14;5;89;;
2171;2171;00.736.605/0001-45;ASP Varejo - Hiper 2024 (ASP Softwares Brusque) - Mensal;7;1;;17/01/2025;;Fidelidade 16/01/2026;220,00;10;10/02/2025;17/01/2026;1;1;1;1;0;14;5;89;;
2174;2174;58.846.137/0001-41;ASP Varejo - Hiper 2024 (ASP Softwares Brusque) - Mensal;7;1;;20/01/2025;;Fidelidade 19/01/2026;339,90;15;15/02/2025;20/01/2026;1;1;1;1;0;14;5;89;;
2181;2181;13.884.464/0001-50;ASP Varejo - Hiper 2024 (ASP Softwares Brusque) - Mensal;7;1;;23/01/2025;;Fidelidade 22/01/2026;220,00;23;23/02/2025;23/01/2026;1;1;1;1;0;14;5;89;;
2177;2177;36.053.912/0001-79;ASP Varejo - Hiper 2024 (ASP Softwares Brusque) - Mensal;7;1;;24/01/2025;;Fidelidade 23/01/2026;259,90;25;25/02/2025;24/01/2026;1;1;1;1;0;14;5;89;;
2184;2184;58.415.426/0001-96;ASP Varejo - Hiper 2024 (ASP Softwares Brusque) - Mensal;7;1;;27/01/2025;;Fidelidade 26/01/2026;319,80;25;25/02/2025;27/01/2026;1;1;1;1;0;14;5;89;;
2198;2198;55.700.169/0001-46;ASP Varejo - Hiper 2024 (ASP Softwares Brusque) - Mensal;7;1;;30/01/2025;;Fidelidade 29/01/2026;279,90;5;5/02/2025;30/01/2026;1;1;1;1;0;14;5;89;;
2203;2203;33.520.037/0002-80;ASP Varejo - Hiper 2024 (ASP Softwares Brusque) - Mensal;7;1;;30/01/2025;;Fidelidade 29/01/2026;159,90;5;5/02/2025;30/01/2026;1;1;1;1;0;14;5;89;;
2212;2212;28.037.691/0001-17;ASP Varejo - Hiper 2024 (ASP Softwares Brusque) - Mensal;7;1;;31/01/2025;;Fidelidade 30/01/2026;299,90;22;22/02/2025;31/01/2026;1;1;1;1;0;14;5;89;;
2226;2226;02.103.100/0001-79;ASP Varejo - Hiper 2024 (ASP Softwares Brusque) - Mensal;7;1;;31/01/2025;;Fidelidade 30/01/2026;499,90;4;4/02/2025;31/01/2026;1;1;1;1;0;14;5;89;;
2232;2232;59.148.476/0001-17;ASP Varejo - Hiper 2024 (ASP Softwares Brusque) - Mensal;7;1;;03/02/2025;;Fidelidade 02/02/2026;269,90;4;4/02/2025;03/02/2026;1;1;1;1;0;14;5;89;;
2243;2243;56.309.229/0001-67;ASP Varejo - Hiper 2024 (ASP Softwares Brusque) - Mensal;7;1;;05/02/2025;;Fidelidade 04/02/2026;559,90;15;15/02/2025;05/02/2026;1;1;1;1;0;14;5;89;;
2259;2259;07.362.119/0001-53;ASP Varejo - Hiper 2024 (ASP Softwares Brusque) - Mensal;7;1;;13/02/2025;;Fidelidade 12/02/2026;319,90;1;01/03/2025;13/02/2026;1;1;1;1;0;14;5;89;;
2262;2262;18.555.179/0001-09;ASP Varejo - VHSys 2024 (ASP Softwares Brusque) - Mensal;10;1;;14/02/2025;;Fidelidade 13/02/2026;289,90;1;1/02/2025;14/02/2026;1;1;1;1;0;14;5;89;;
2241;2241;53.416.876/0001-80;ASP Varejo - Hiper 2024 (ASP Softwares Brusque) - Mensal;7;1;;20/02/2025;;Fidelidade 03/02/2026;349,90;20;20/02/2025;20/02/2026;1;1;1;1;0;14;5;89;;
2208;2208;02.103.100/0001-79;ASP Varejo - Hiper 2024 (ASP Softwares Brusque) - Mensal;7;1;;05/03/2025;;Fidelidade 30/01/2026;279,90;4;4/02/2025;05/03/2026;1;1;1;1;0;14;5;89;;
2229;2229;58.980.286/0001-07;ASP Varejo - Hiper 2024 (ASP Softwares Brusque) - Mensal;7;1;;05/03/2025;;Fidelidade 30/01/2026;259,90;4;4/02/2025;05/03/2026;1;1;1;1;0;14;5;89;;
2214;2214;07.345.326/0001-08;ASP Varejo - Hiper 2024 (ASP Softwares Brusque) - Mensal;7;1;;15/03/2025;;Fidelidade 14/03/2026;269,90;20;20/02/2025;15/03/2026;1;1;1;1;0;14;5;89;;
2210;2210;28.037.691/0001-17;ASP Varejo - Hiper 2024 (ASP Softwares Brusque) - Mensal;7;1;;22/03/2025;;Fidelidade 21/03/2026;234,00;22;22/02/2025;22/03/2026;1;1;1;1;0;14;5;89;;
